<annotation>
	<folder>TKA_Images</folder>
	<filename>01641204.jpg</filename>
	<path>C:\Users\mousazadese1\Desktop\TKA_Images\TKA_Images\01641204.jpg</path>
	<source>
		<database>Unknown</database>
	</source>
	<size>
		<width>707</width>
		<height>580</height>
		<depth>1</depth>
	</size>
	<segmented>0</segmented>
	<object>
		<name>TKAAPView</name>
		<pose>Unspecified</pose>
		<truncated>0</truncated>
		<difficult>0</difficult>
		<bndbox>
			<xmin>462</xmin>
			<ymin>166</ymin>
			<xmax>600</xmax>
			<ymax>359</ymax>
		</bndbox>
	</object>
	<object>
		<name>KneeAPView</name>
		<pose>Unspecified</pose>
		<truncated>0</truncated>
		<difficult>0</difficult>
		<bndbox>
			<xmin>113</xmin>
			<ymin>175</ymin>
			<xmax>270</xmax>
			<ymax>368</ymax>
		</bndbox>
	</object>
</annotation>
