<annotation>
	<folder>TKA_Images</folder>
	<filename>01823004.jpg</filename>
	<path>C:\Users\mousazadese1\Desktop\TKA_Images\TKA_Images\01823004.jpg</path>
	<source>
		<database>Unknown</database>
	</source>
	<size>
		<width>623</width>
		<height>512</height>
		<depth>1</depth>
	</size>
	<segmented>0</segmented>
	<object>
		<name>TKAAPView</name>
		<pose>Unspecified</pose>
		<truncated>0</truncated>
		<difficult>0</difficult>
		<bndbox>
			<xmin>359</xmin>
			<ymin>171</ymin>
			<xmax>507</xmax>
			<ymax>371</ymax>
		</bndbox>
	</object>
	<object>
		<name>KneeAPView</name>
		<pose>Unspecified</pose>
		<truncated>0</truncated>
		<difficult>0</difficult>
		<bndbox>
			<xmin>97</xmin>
			<ymin>170</ymin>
			<xmax>246</xmax>
			<ymax>352</ymax>
		</bndbox>
	</object>
</annotation>
