<annotation>
	<folder>TKA_Images</folder>
	<filename>02207601.jpg</filename>
	<path>C:\Users\mousazadese1\Desktop\TKA_Images\TKA_Images\02207601.jpg</path>
	<source>
		<database>Unknown</database>
	</source>
	<size>
		<width>707</width>
		<height>580</height>
		<depth>1</depth>
	</size>
	<segmented>0</segmented>
	<object>
		<name>TKAAPView</name>
		<pose>Unspecified</pose>
		<truncated>0</truncated>
		<difficult>0</difficult>
		<bndbox>
			<xmin>458</xmin>
			<ymin>120</ymin>
			<xmax>653</xmax>
			<ymax>335</ymax>
		</bndbox>
	</object>
	<object>
		<name>KneeAPView</name>
		<pose>Unspecified</pose>
		<truncated>0</truncated>
		<difficult>0</difficult>
		<bndbox>
			<xmin>49</xmin>
			<ymin>127</ymin>
			<xmax>236</xmax>
			<ymax>325</ymax>
		</bndbox>
	</object>
</annotation>
