<annotation>
	<folder>TKA_Images</folder>
	<filename>03571401.jpg</filename>
	<path>C:\Users\mousazadese1\Desktop\TKA_Images\TKA_Images\03571401.jpg</path>
	<source>
		<database>Unknown</database>
	</source>
	<size>
		<width>505</width>
		<height>505</height>
		<depth>1</depth>
	</size>
	<segmented>0</segmented>
	<object>
		<name>KneeAPView</name>
		<pose>Unspecified</pose>
		<truncated>0</truncated>
		<difficult>0</difficult>
		<bndbox>
			<xmin>260</xmin>
			<ymin>172</ymin>
			<xmax>374</xmax>
			<ymax>294</ymax>
		</bndbox>
	</object>
	<object>
		<name>TKAAPView</name>
		<pose>Unspecified</pose>
		<truncated>0</truncated>
		<difficult>0</difficult>
		<bndbox>
			<xmin>113</xmin>
			<ymin>150</ymin>
			<xmax>229</xmax>
			<ymax>302</ymax>
		</bndbox>
	</object>
</annotation>
