<annotation>
	<folder>TKA_Images</folder>
	<filename>03643901.jpg</filename>
	<path>C:\Users\mousazadese1\Desktop\TKA_Images\TKA_Images\03643901.jpg</path>
	<source>
		<database>Unknown</database>
	</source>
	<size>
		<width>746</width>
		<height>693</height>
		<depth>1</depth>
	</size>
	<segmented>0</segmented>
	<object>
		<name>KneeAPView</name>
		<pose>Unspecified</pose>
		<truncated>0</truncated>
		<difficult>0</difficult>
		<bndbox>
			<xmin>436</xmin>
			<ymin>192</ymin>
			<xmax>650</xmax>
			<ymax>430</ymax>
		</bndbox>
	</object>
	<object>
		<name>TKAAPView</name>
		<pose>Unspecified</pose>
		<truncated>0</truncated>
		<difficult>0</difficult>
		<bndbox>
			<xmin>123</xmin>
			<ymin>203</ymin>
			<xmax>327</xmax>
			<ymax>551</ymax>
		</bndbox>
	</object>
</annotation>
