<annotation>
	<folder>TKA_Images</folder>
	<filename>03900501.jpg</filename>
	<path>C:\Users\mousazadese1\Desktop\TKA_Images\TKA_Images\03900501.jpg</path>
	<source>
		<database>Unknown</database>
	</source>
	<size>
		<width>535</width>
		<height>440</height>
		<depth>1</depth>
	</size>
	<segmented>0</segmented>
	<object>
		<name>TKAAPView</name>
		<pose>Unspecified</pose>
		<truncated>0</truncated>
		<difficult>0</difficult>
		<bndbox>
			<xmin>316</xmin>
			<ymin>127</ymin>
			<xmax>429</xmax>
			<ymax>280</ymax>
		</bndbox>
	</object>
	<object>
		<name>KneeAPView</name>
		<pose>Unspecified</pose>
		<truncated>0</truncated>
		<difficult>0</difficult>
		<bndbox>
			<xmin>90</xmin>
			<ymin>134</ymin>
			<xmax>206</xmax>
			<ymax>277</ymax>
		</bndbox>
	</object>
</annotation>
