<annotation>
	<folder>TKA_Images</folder>
	<filename>00850203.jpg</filename>
	<path>C:\Users\mousazadese1\Desktop\TKA_Images\TKA_Images\00850203.jpg</path>
	<source>
		<database>Unknown</database>
	</source>
	<size>
		<width>1059</width>
		<height>870</height>
		<depth>1</depth>
	</size>
	<segmented>0</segmented>
	<object>
		<name>TKAAPView</name>
		<pose>Unspecified</pose>
		<truncated>0</truncated>
		<difficult>0</difficult>
		<bndbox>
			<xmin>603</xmin>
			<ymin>195</ymin>
			<xmax>836</xmax>
			<ymax>511</ymax>
		</bndbox>
	</object>
	<object>
		<name>KneeAPView</name>
		<pose>Unspecified</pose>
		<truncated>0</truncated>
		<difficult>0</difficult>
		<bndbox>
			<xmin>239</xmin>
			<ymin>228</ymin>
			<xmax>497</xmax>
			<ymax>524</ymax>
		</bndbox>
	</object>
</annotation>
