<annotation>
	<folder>TKA_Images</folder>
	<filename>01656605.jpg</filename>
	<path>C:\Users\mousazadese1\Desktop\TKA_Images\TKA_Images\01656605.jpg</path>
	<source>
		<database>Unknown</database>
	</source>
	<size>
		<width>707</width>
		<height>580</height>
		<depth>1</depth>
	</size>
	<segmented>0</segmented>
	<object>
		<name>KneeAPView</name>
		<pose>Unspecified</pose>
		<truncated>0</truncated>
		<difficult>0</difficult>
		<bndbox>
			<xmin>428</xmin>
			<ymin>168</ymin>
			<xmax>615</xmax>
			<ymax>377</ymax>
		</bndbox>
	</object>
	<object>
		<name>TKAAPView</name>
		<pose>Unspecified</pose>
		<truncated>0</truncated>
		<difficult>0</difficult>
		<bndbox>
			<xmin>99</xmin>
			<ymin>140</ymin>
			<xmax>281</xmax>
			<ymax>367</ymax>
		</bndbox>
	</object>
</annotation>
