<annotation>
	<folder>TKA_Images</folder>
	<filename>02103201.jpg</filename>
	<path>C:\Users\mousazadese1\Desktop\TKA_Images\TKA_Images\02103201.jpg</path>
	<source>
		<database>Unknown</database>
	</source>
	<size>
		<width>623</width>
		<height>512</height>
		<depth>1</depth>
	</size>
	<segmented>0</segmented>
	<object>
		<name>KneeAPView</name>
		<pose>Unspecified</pose>
		<truncated>0</truncated>
		<difficult>0</difficult>
		<bndbox>
			<xmin>398</xmin>
			<ymin>149</ymin>
			<xmax>558</xmax>
			<ymax>333</ymax>
		</bndbox>
	</object>
	<object>
		<name>TKAAPView</name>
		<pose>Unspecified</pose>
		<truncated>0</truncated>
		<difficult>0</difficult>
		<bndbox>
			<xmin>69</xmin>
			<ymin>119</ymin>
			<xmax>224</xmax>
			<ymax>328</ymax>
		</bndbox>
	</object>
</annotation>
