<annotation>
	<folder>TKA_Images</folder>
	<filename>02433601.jpg</filename>
	<path>C:\Users\mousazadese1\Desktop\TKA_Images\TKA_Images\02433601.jpg</path>
	<source>
		<database>Unknown</database>
	</source>
	<size>
		<width>618</width>
		<height>492</height>
		<depth>1</depth>
	</size>
	<segmented>0</segmented>
	<object>
		<name>TKAAPView</name>
		<pose>Unspecified</pose>
		<truncated>0</truncated>
		<difficult>0</difficult>
		<bndbox>
			<xmin>386</xmin>
			<ymin>140</ymin>
			<xmax>525</xmax>
			<ymax>317</ymax>
		</bndbox>
	</object>
	<object>
		<name>KneeAPView</name>
		<pose>Unspecified</pose>
		<truncated>0</truncated>
		<difficult>0</difficult>
		<bndbox>
			<xmin>83</xmin>
			<ymin>181</ymin>
			<xmax>233</xmax>
			<ymax>323</ymax>
		</bndbox>
	</object>
</annotation>
