<annotation>
	<folder>TKA_Images</folder>
	<filename>02483101.jpg</filename>
	<path>C:\Users\mousazadese1\Desktop\TKA_Images\TKA_Images\02483101.jpg</path>
	<source>
		<database>Unknown</database>
	</source>
	<size>
		<width>623</width>
		<height>496</height>
		<depth>1</depth>
	</size>
	<segmented>0</segmented>
	<object>
		<name>TKAAPView</name>
		<pose>Unspecified</pose>
		<truncated>0</truncated>
		<difficult>0</difficult>
		<bndbox>
			<xmin>376</xmin>
			<ymin>158</ymin>
			<xmax>539</xmax>
			<ymax>364</ymax>
		</bndbox>
	</object>
	<object>
		<name>KneeAPView</name>
		<pose>Unspecified</pose>
		<truncated>0</truncated>
		<difficult>0</difficult>
		<bndbox>
			<xmin>72</xmin>
			<ymin>182</ymin>
			<xmax>247</xmax>
			<ymax>363</ymax>
		</bndbox>
	</object>
</annotation>
