<annotation>
	<folder>TKA_Images</folder>
	<filename>02753401.jpg</filename>
	<path>C:\Users\mousazadese1\Desktop\TKA_Images\TKA_Images\02753401.jpg</path>
	<source>
		<database>Unknown</database>
	</source>
	<size>
		<width>616</width>
		<height>491</height>
		<depth>1</depth>
	</size>
	<segmented>0</segmented>
	<object>
		<name>TKAAPView</name>
		<pose>Unspecified</pose>
		<truncated>0</truncated>
		<difficult>0</difficult>
		<bndbox>
			<xmin>360</xmin>
			<ymin>144</ymin>
			<xmax>484</xmax>
			<ymax>347</ymax>
		</bndbox>
	</object>
	<object>
		<name>KneeAPView</name>
		<pose>Unspecified</pose>
		<truncated>0</truncated>
		<difficult>0</difficult>
		<bndbox>
			<xmin>129</xmin>
			<ymin>159</ymin>
			<xmax>258</xmax>
			<ymax>335</ymax>
		</bndbox>
	</object>
</annotation>
