<annotation>
	<folder>TKA_Images</folder>
	<filename>02796601.jpg</filename>
	<path>C:\Users\mousazadese1\Desktop\TKA_Images\TKA_Images\02796601.jpg</path>
	<source>
		<database>Unknown</database>
	</source>
	<size>
		<width>505</width>
		<height>505</height>
		<depth>1</depth>
	</size>
	<segmented>0</segmented>
	<object>
		<name>TKAAPView</name>
		<pose>Unspecified</pose>
		<truncated>0</truncated>
		<difficult>0</difficult>
		<bndbox>
			<xmin>309</xmin>
			<ymin>157</ymin>
			<xmax>438</xmax>
			<ymax>307</ymax>
		</bndbox>
	</object>
	<object>
		<name>KneeAPView</name>
		<pose>Unspecified</pose>
		<truncated>0</truncated>
		<difficult>0</difficult>
		<bndbox>
			<xmin>44</xmin>
			<ymin>157</ymin>
			<xmax>174</xmax>
			<ymax>315</ymax>
		</bndbox>
	</object>
</annotation>
