<annotation>
	<folder>TKA_Images</folder>
	<filename>02913601.jpg</filename>
	<path>C:\Users\mousazadese1\Desktop\TKA_Images\TKA_Images\02913601.jpg</path>
	<source>
		<database>Unknown</database>
	</source>
	<size>
		<width>623</width>
		<height>496</height>
		<depth>1</depth>
	</size>
	<segmented>0</segmented>
	<object>
		<name>KneeAPView</name>
		<pose>Unspecified</pose>
		<truncated>0</truncated>
		<difficult>0</difficult>
		<bndbox>
			<xmin>383</xmin>
			<ymin>152</ymin>
			<xmax>526</xmax>
			<ymax>314</ymax>
		</bndbox>
	</object>
	<object>
		<name>TKAAPView</name>
		<pose>Unspecified</pose>
		<truncated>0</truncated>
		<difficult>0</difficult>
		<bndbox>
			<xmin>121</xmin>
			<ymin>140</ymin>
			<xmax>254</xmax>
			<ymax>304</ymax>
		</bndbox>
	</object>
</annotation>
