<annotation>
	<folder>TKA_Images</folder>
	<filename>02995301.jpg</filename>
	<path>C:\Users\mousazadese1\Desktop\TKA_Images\TKA_Images\02995301.jpg</path>
	<source>
		<database>Unknown</database>
	</source>
	<size>
		<width>505</width>
		<height>505</height>
		<depth>1</depth>
	</size>
	<segmented>0</segmented>
	<object>
		<name>KneeAPView</name>
		<pose>Unspecified</pose>
		<truncated>0</truncated>
		<difficult>0</difficult>
		<bndbox>
			<xmin>333</xmin>
			<ymin>168</ymin>
			<xmax>450</xmax>
			<ymax>317</ymax>
		</bndbox>
	</object>
	<object>
		<name>TKAAPView</name>
		<pose>Unspecified</pose>
		<truncated>0</truncated>
		<difficult>0</difficult>
		<bndbox>
			<xmin>101</xmin>
			<ymin>175</ymin>
			<xmax>210</xmax>
			<ymax>327</ymax>
		</bndbox>
	</object>
</annotation>
