<annotation>
	<folder>TKA_Images</folder>
	<filename>03382703.jpg</filename>
	<path>C:\Users\mousazadese1\Desktop\TKA_Images\TKA_Images\03382703.jpg</path>
	<source>
		<database>Unknown</database>
	</source>
	<size>
		<width>747</width>
		<height>629</height>
		<depth>1</depth>
	</size>
	<segmented>0</segmented>
	<object>
		<name>KneeAPView</name>
		<pose>Unspecified</pose>
		<truncated>0</truncated>
		<difficult>0</difficult>
		<bndbox>
			<xmin>405</xmin>
			<ymin>259</ymin>
			<xmax>589</xmax>
			<ymax>470</ymax>
		</bndbox>
	</object>
	<object>
		<name>TKAAPView</name>
		<pose>Unspecified</pose>
		<truncated>0</truncated>
		<difficult>0</difficult>
		<bndbox>
			<xmin>142</xmin>
			<ymin>244</ymin>
			<xmax>314</xmax>
			<ymax>506</ymax>
		</bndbox>
	</object>
</annotation>
