<annotation>
	<folder>TKA_Images</folder>
	<filename>03584801.jpg</filename>
	<path>C:\Users\mousazadese1\Desktop\TKA_Images\TKA_Images\03584801.jpg</path>
	<source>
		<database>Unknown</database>
	</source>
	<size>
		<width>535</width>
		<height>440</height>
		<depth>1</depth>
	</size>
	<segmented>0</segmented>
	<object>
		<name>KneeAPView</name>
		<pose>Unspecified</pose>
		<truncated>0</truncated>
		<difficult>0</difficult>
		<bndbox>
			<xmin>298</xmin>
			<ymin>107</ymin>
			<xmax>427</xmax>
			<ymax>230</ymax>
		</bndbox>
	</object>
	<object>
		<name>TKAAPView</name>
		<pose>Unspecified</pose>
		<truncated>0</truncated>
		<difficult>0</difficult>
		<bndbox>
			<xmin>67</xmin>
			<ymin>78</ymin>
			<xmax>187</xmax>
			<ymax>241</ymax>
		</bndbox>
	</object>
</annotation>
