<annotation>
	<folder>TKA_Images</folder>
	<filename>03631601.jpg</filename>
	<path>C:\Users\mousazadese1\Desktop\TKA_Images\TKA_Images\03631601.jpg</path>
	<source>
		<database>Unknown</database>
	</source>
	<size>
		<width>739</width>
		<height>745</height>
		<depth>1</depth>
	</size>
	<segmented>0</segmented>
	<object>
		<name>KneeAPView</name>
		<pose>Unspecified</pose>
		<truncated>0</truncated>
		<difficult>0</difficult>
		<bndbox>
			<xmin>490</xmin>
			<ymin>257</ymin>
			<xmax>647</xmax>
			<ymax>480</ymax>
		</bndbox>
	</object>
	<object>
		<name>TKAAPView</name>
		<pose>Unspecified</pose>
		<truncated>0</truncated>
		<difficult>0</difficult>
		<bndbox>
			<xmin>140</xmin>
			<ymin>261</ymin>
			<xmax>298</xmax>
			<ymax>473</ymax>
		</bndbox>
	</object>
</annotation>
