<annotation>
	<folder>TKA_Images</folder>
	<filename>03781001.jpg</filename>
	<path>C:\Users\mousazadese1\Desktop\TKA_Images\TKA_Images\03781001.jpg</path>
	<source>
		<database>Unknown</database>
	</source>
	<size>
		<width>535</width>
		<height>440</height>
		<depth>1</depth>
	</size>
	<segmented>0</segmented>
	<object>
		<name>KneeAPView</name>
		<pose>Unspecified</pose>
		<truncated>0</truncated>
		<difficult>0</difficult>
		<bndbox>
			<xmin>344</xmin>
			<ymin>202</ymin>
			<xmax>462</xmax>
			<ymax>336</ymax>
		</bndbox>
	</object>
	<object>
		<name>TKAAPView</name>
		<pose>Unspecified</pose>
		<truncated>0</truncated>
		<difficult>0</difficult>
		<bndbox>
			<xmin>96</xmin>
			<ymin>186</ymin>
			<xmax>215</xmax>
			<ymax>338</ymax>
		</bndbox>
	</object>
</annotation>
