<annotation>
	<folder>TKA_Images</folder>
	<filename>03799802.jpg</filename>
	<path>C:\Users\mousazadese1\Desktop\TKA_Images\TKA_Images\03799802.jpg</path>
	<source>
		<database>Unknown</database>
	</source>
	<size>
		<width>535</width>
		<height>440</height>
		<depth>1</depth>
	</size>
	<segmented>0</segmented>
	<object>
		<name>TKAAPView</name>
		<pose>Unspecified</pose>
		<truncated>0</truncated>
		<difficult>0</difficult>
		<bndbox>
			<xmin>326</xmin>
			<ymin>159</ymin>
			<xmax>437</xmax>
			<ymax>310</ymax>
		</bndbox>
	</object>
	<object>
		<name>KneeAPView</name>
		<pose>Unspecified</pose>
		<truncated>0</truncated>
		<difficult>0</difficult>
		<bndbox>
			<xmin>97</xmin>
			<ymin>170</ymin>
			<xmax>211</xmax>
			<ymax>314</ymax>
		</bndbox>
	</object>
</annotation>
