<annotation>
	<folder>TKA_Images</folder>
	<filename>03845001.jpg</filename>
	<path>C:\Users\mousazadese1\Desktop\TKA_Images\TKA_Images\03845001.jpg</path>
	<source>
		<database>Unknown</database>
	</source>
	<size>
		<width>742</width>
		<height>749</height>
		<depth>1</depth>
	</size>
	<segmented>0</segmented>
	<object>
		<name>KneeAPView</name>
		<pose>Unspecified</pose>
		<truncated>0</truncated>
		<difficult>0</difficult>
		<bndbox>
			<xmin>467</xmin>
			<ymin>298</ymin>
			<xmax>642</xmax>
			<ymax>506</ymax>
		</bndbox>
	</object>
	<object>
		<name>TKAAPView</name>
		<pose>Unspecified</pose>
		<truncated>0</truncated>
		<difficult>0</difficult>
		<bndbox>
			<xmin>103</xmin>
			<ymin>270</ymin>
			<xmax>271</xmax>
			<ymax>476</ymax>
		</bndbox>
	</object>
</annotation>
