<annotation>
	<folder>TKA_Images</folder>
	<filename>03910301.jpg</filename>
	<path>C:\Users\mousazadese1\Desktop\TKA_Images\TKA_Images\03910301.jpg</path>
	<source>
		<database>Unknown</database>
	</source>
	<size>
		<width>505</width>
		<height>505</height>
		<depth>1</depth>
	</size>
	<segmented>0</segmented>
	<object>
		<name>KneeAPView</name>
		<pose>Unspecified</pose>
		<truncated>0</truncated>
		<difficult>0</difficult>
		<bndbox>
			<xmin>300</xmin>
			<ymin>155</ymin>
			<xmax>442</xmax>
			<ymax>327</ymax>
		</bndbox>
	</object>
	<object>
		<name>TKAAPView</name>
		<pose>Unspecified</pose>
		<truncated>0</truncated>
		<difficult>0</difficult>
		<bndbox>
			<xmin>77</xmin>
			<ymin>148</ymin>
			<xmax>215</xmax>
			<ymax>321</ymax>
		</bndbox>
	</object>
</annotation>
