<annotation>
	<folder>TKA_Images</folder>
	<filename>04296701.jpg</filename>
	<path>C:\Users\mousazadese1\Desktop\TKA_Images\TKA_Images\04296701.jpg</path>
	<source>
		<database>Unknown</database>
	</source>
	<size>
		<width>750</width>
		<height>680</height>
		<depth>1</depth>
	</size>
	<segmented>0</segmented>
	<object>
		<name>TKAAPView</name>
		<pose>Unspecified</pose>
		<truncated>0</truncated>
		<difficult>0</difficult>
		<bndbox>
			<xmin>477</xmin>
			<ymin>189</ymin>
			<xmax>650</xmax>
			<ymax>424</ymax>
		</bndbox>
	</object>
	<object>
		<name>KneeAPView</name>
		<pose>Unspecified</pose>
		<truncated>0</truncated>
		<difficult>0</difficult>
		<bndbox>
			<xmin>79</xmin>
			<ymin>146</ymin>
			<xmax>262</xmax>
			<ymax>386</ymax>
		</bndbox>
	</object>
</annotation>
